{
  "token_count": 32,
  "error_type": "PSE_DND_typo_9%",
  "created_at": "2025-12-30T20:19:36.321439",
  "status": "PENDING",
  "error_message": "",
  "source_file": "pse_generated",
  "fingerprint_tokens": "COL_0_STRING COL_0_FEW_NULLS COL_0_UNIQUE COL_0_MED_STR COL_0_LOWERCASE COL_0_HAS_NUMBERS COL_1_STRING COL_1_FEW_NULLS COL_1_HIGH_CARD COL_1_MED_STR COL_1_UPPERCASE COL_1_HAS_NUMBERS COL_1_GENE_PATTERN COL_1_NAME_GENE COL_2_STRING COL_2_FEW_NULLS COL_2_HIGH_CARD COL_2_MED_STR COL_2_LOWERCASE COL_2_HAS_NUMBERS COL_2_HAS_SPECIAL COL_3_STRING COL_3_FEW_NULLS COL_3_UNIQUE COL_3_MED_STR COL_3_LOWERCASE COL_3_HAS_NUMBERS COL_3_HAS_SPECIAL DF_MED_ROWS DF_FEW_COLS DF_MOSTLY_STRING DF_CLEAN",
  "execution_time": 0.0
}